-- phpMyAdmin SQL Dump
-- version 4.4.14
-- http://www.phpmyadmin.net
--
-- Host: 127.0.0.1
-- Generation Time: Aug 05, 2016 at 02:20 PM
-- Server version: 5.6.26
-- PHP Version: 5.5.28

SET SQL_MODE = "NO_AUTO_VALUE_ON_ZERO";
SET time_zone = "+00:00";


/*!40101 SET @OLD_CHARACTER_SET_CLIENT=@@CHARACTER_SET_CLIENT */;
/*!40101 SET @OLD_CHARACTER_SET_RESULTS=@@CHARACTER_SET_RESULTS */;
/*!40101 SET @OLD_COLLATION_CONNECTION=@@COLLATION_CONNECTION */;
/*!40101 SET NAMES utf8mb4 */;

--
-- Database: `admin`
--

-- --------------------------------------------------------

--
-- Table structure for table `check_time`
--

CREATE TABLE IF NOT EXISTS `check_time` (
  `day` varchar(2) NOT NULL,
  `time_check` varchar(12) NOT NULL,
  `day_check` varchar(12) NOT NULL
) ENGINE=InnoDB DEFAULT CHARSET=utf8;

--
-- Dumping data for table `check_time`
--

INSERT INTO `check_time` (`day`, `time_check`, `day_check`) VALUES
('1', '15:30:00', 'Monday'),
('2', '08:30:00', 'Tuesday'),
('3', '21:55:00', 'Wednesday'),
('4', '13:22:00', 'Thursday'),
('5', '21:40:00', 'Friday'),
('6', '13:50:00', 'Saturday'),
('7', '14:00:00', 'Sunday');

-- --------------------------------------------------------

--
-- Table structure for table `data`
--

CREATE TABLE IF NOT EXISTS `data` (
  `id` varchar(12) NOT NULL,
  `date` date DEFAULT NULL,
  `timein_1` varchar(12) NOT NULL,
  `timein_2` varchar(12) NOT NULL,
  `timeout_1` varchar(12) NOT NULL,
  `timeout_2` varchar(12) NOT NULL,
  `number` int(5) NOT NULL
) ENGINE=InnoDB AUTO_INCREMENT=132 DEFAULT CHARSET=utf8;

--
-- Dumping data for table `data`
--

INSERT INTO `data` (`id`, `date`, `timein_1`, `timein_2`, `timeout_1`, `timeout_2`, `number`) VALUES
('553120410144', '2016-07-14', '20:33:53', '20:52:05', '20:42:16', '21:03:27', 76),
('553120410102', '2016-07-14', '20:34:00', '20:52:15', '20:42:23', '21:03:41', 77),
('553120410103', '2016-07-14', '20:34:05', '20:52:19', '20:42:31', '21:03:36', 78),
('553120410104', '2016-07-14', '20:34:18', '20:52:27', '20:42:35', '21:03:45', 79),
('553120410105', '2016-07-14', '20:34:53', '20:55:09', '20:49:41', '21:04:35', 80),
('553120410138', '2016-07-14', '20:34:59', '20:55:05', '20:49:45', '21:04:40', 81),
('553120410112', '2016-07-14', '20:41:29', '20:59:31', '20:51:46', '21:08:05', 82),
('553120410111', '2016-07-14', '20:42:00', '20:59:44', '20:52:00', '21:08:29', 84),
('553120410147', '2016-07-14', '20:42:10', '20:59:52', '20:51:55', '21:08:25', 85),
('553120410109', '2016-07-14', '20:51:51', '21:08:19', '20:59:34', '21:11:55', 86),
('553120410144', '2016-07-15', '21:36:22', '22:40:58', '22:18:01', '22:58:07', 87),
('553120410102', '2016-07-15', '21:36:27', '22:41:03', '22:18:09', '22:58:12', 88),
('553120410103', '2016-07-15', '21:36:33', '22:41:08', '22:18:14', '22:58:17', 89),
('553120410104', '2016-07-15', '21:36:40', '22:41:13', '22:18:23', '22:58:22', 90),
('553120410138', '2016-07-15', '21:37:11', '22:42:47', '22:22:03', '22:57:57', 91),
('553120410105', '2016-07-15', '21:37:18', '22:42:38', '22:21:58', '22:57:53', 92),
('553120410112', '2016-07-15', '21:56:42', '22:41:19', '22:31:22', '22:43:21', 93),
('553120410147', '2016-07-15', '21:56:56', '22:41:29', '22:31:31', '22:43:01', 94),
('553120410111', '2016-07-15', '21:57:00', '22:41:34', '22:31:35', '22:58:45', 95),
('553120410109', '2016-07-15', '21:57:07', '22:43:05', '22:31:26', '22:58:36', 96),
('553120410105', '2016-07-16', '10:54:06', '11:22:31', '11:00:15', '11:48:24', 97),
('553120410138', '2016-07-16', '10:54:12', '11:22:23', '11:00:19', '11:48:18', 98),
('553120410109', '2016-07-16', '10:54:39', '11:56:37', '11:05:35', '12:06:13', 99),
('553120410112', '2016-07-16', '10:54:48', '11:55:24', '11:05:40', '12:05:44', 100),
('553120410111', '2016-07-16', '10:55:19', '11:55:43', '11:05:21', '12:06:40', 101),
('553120410147', '2016-07-16', '10:55:26', '11:55:49', '11:05:31', '12:06:35', 102),
('553120410144', '2016-07-16', '10:55:35', '11:33:07', '11:05:47', '12:05:25', 103),
('553120410102', '2016-07-16', '10:55:40', '11:32:59', '11:06:05', '11:56:04', 104),
('553120410103', '2016-07-16', '10:55:44', '11:32:53', '11:06:00', '12:05:30', 105),
('553120410104', '2016-07-16', '10:55:49', '11:32:45', '11:05:54', '12:05:35', 106),
('553120410105', '2016-07-18', '13:37:21', '13:48:40', '13:43:14', '13:52:53', 110),
('553120410138', '2016-07-18', '13:37:28', '13:48:35', '13:43:08', '13:52:48', 111),
('553120410144', '2016-07-21', '13:04:43', '13:09:21', '13:07:05', '13:11:44', 112),
('553120410105', '2016-07-21', '13:05:28', '13:21:30', '13:07:41', '13:25:15', 113),
('553120410138', '2016-07-21', '13:05:34', '13:21:40', '13:07:50', '13:25:21', 114),
('553120410151', '2016-07-21', '13:08:21', '13:23:17', '13:21:19', '13:25:04', 115),
('553120410102', '2016-07-21', '13:23:34', '-', '13:25:30', '-', 116),
('553120410103', '2016-07-21', '13:31:06', '-', '-', '-', 117),
('553120410104', '2016-07-21', '13:32:33', '-', '-', '-', 118),
('553120410112', '2016-07-21', '13:35:59', '-', '-', '-', 120),
('553120410102', '2016-07-25', '15:29:28', '16:33:37', '15:33:42', '16:45:00', 121),
('553120410144', '2016-07-25', '15:33:52', '16:46:44', '16:33:32', '16:57:59', 122),
('553120410103', '2016-07-25', '15:35:48', '16:45:11', '16:33:42', '16:58:06', 123),
('553120410104', '2016-07-25', '15:36:24', '16:45:33', '16:33:48', '16:58:18', 124),
('553120410112', '2016-07-25', '15:36:33', '16:45:40', '16:33:53', '16:58:30', 125),
('553120410109', '2016-07-25', '15:36:41', '16:46:21', '16:34:00', '16:58:37', 126),
('553120410147', '2016-07-25', '15:36:55', '16:46:02', '16:34:15', '16:59:11', 127),
('553120410111', '2016-07-25', '15:37:02', '16:46:28', '16:34:28', '16:59:06', 128),
('553120410138', '2016-07-25', '15:37:39', '15:58:45', '15:48:30', '16:07:45', 129),
('553120410105', '2016-07-25', '15:37:50', '15:58:27', '15:52:59', '16:07:50', 130),
('553120410151', '2016-07-25', '15:38:16', '16:47:10', '16:34:45', '17:00:24', 131);

-- --------------------------------------------------------

--
-- Table structure for table `member`
--

CREATE TABLE IF NOT EXISTS `member` (
  `UserID` int(3) unsigned zerofill NOT NULL,
  `Username` varchar(20) NOT NULL,
  `Password` varchar(20) NOT NULL,
  `Name` varchar(100) NOT NULL,
  `Status` enum('ADMIN','USER') NOT NULL DEFAULT 'USER',
  `Image` varchar(100) CHARACTER SET utf8 COLLATE utf8_bin NOT NULL,
  `ID` varchar(12) NOT NULL
) ENGINE=MyISAM AUTO_INCREMENT=30 DEFAULT CHARSET=utf8;

--
-- Dumping data for table `member`
--

INSERT INTO `member` (`UserID`, `Username`, `Password`, `Name`, `Status`, `Image`, `ID`) VALUES
(003, 'darawan', '553120410102', 'Darawan   Srimontri', 'USER', '/final_project/images/profile_102.jpg', '553120410102'),
(004, 'narumon', '553120410103', 'Narumon   Nongsoong', 'USER', '/final_project/images/profile_103.jpg', '553120410103'),
(005, 'benjamas', '553120410104', 'Benjamas	   Choopun', 'USER', '/final_project/images/profile_104.jpg', '553120410104'),
(006, 'patcharee', '0', 'Patcharee   Madtapato', 'USER', '/final_project/images/profile_105.jpg', '553120410105'),
(007, 'ratri', '553120410107', 'Ratri	   Seesarakham', 'USER', '/final_project/images/profile_107.jpg', '553120410107'),
(008, 'lalita', '553120410109', 'Lalita   Parpon', 'USER', '/final_project/images/profile_109.jpg', '553120410109'),
(009, 'waranya', '553120410110', 'Waranya   Choaree', 'USER', '/final_project/images/profile_110.jpg', '553120410110'),
(010, 'wilaiporn', '553120410111', 'Wilaiporn   Khanwisit', 'USER', '/final_project/images/profile_111.jpg', '553120410111'),
(011, 'sureera', '553120410112', 'Sureera   Poonprasit', 'USER', '/final_project/images/profile_112.jpg', '553120410112'),
(012, 'aphinun', '553120410113', 'Aphinun	Bhirhom', 'USER', '/final_project/images/profile_113.gif', '553120410113'),
(013, 'potekarapon', '553120410117', 'Potekarapon   Kheckonrit', 'USER', '/final_project/images/profile_117.jpg', '553120410117'),
(014, 'jakkapong', '553120410118', 'Jakkapong   Jumphonnoi', 'USER', '/final_project/images/profile_118.jpg', '553120410118'),
(015, 'chitsanupong', '553120410122', 'Chitsanupong   Bubparate', 'USER', '/final_project/images/profile_122.jpg', '553120410122'),
(016, 'datchat', '553120410125', 'Datchat   Boonyen', 'USER', '/final_project/images/profile_125.jpg', '553120410125'),
(017, 'thiraphat', '553120410131', 'Thiraphat   Sasim', 'USER', '/final_project/images/profile_131.jpg', '553120410131'),
(018, 'nantawat', '553120410135', 'Nantawat   Thipsang', 'ADMIN', '/final_project/images/profile_135.jpg', '553120410135'),
(019, 'pongthorn', '0', 'Pongthorn   Sasanam', 'ADMIN', '/final_project/images/profile_138.jpg', '553120410138'),
(020, 'permpong', '553120410140', 'Permpong   Phimphakdee', 'USER', '/final_project/images/profile_140.jpg', '553120410140'),
(021, 'wittawat', '553120410144', 'Wittawat   Boupa', 'ADMIN', '/final_project/images/profile_144.jpg', '553120410144'),
(022, 'samorn', '553120410147', 'Samorn 	Rattanapai', 'USER', '/final_project/images/profile_147.jpg', '553120410147'),
(023, 'sittisuk', '553120410149', 'Sittisuk   Taitam', 'USER', '/final_project/images/profile_149.jpg', '553120410149'),
(024, 'atiwat', '553120410150', 'Atiwat   Suekua', 'USER', '/final_project/images/profile_150.jpg', '553120410150'),
(025, 'aphichai', '553120410151', 'Aphichai   Paprathang', 'ADMIN', '/final_project/images/profile_151.jpg', '553120410151'),
(026, 'narabodee', '553120410152', 'Narabodee   Poochamni', 'USER', '/final_project/images/profile_152.jpg', '553120410152'),
(027, 'wuttipong', '553120410155', 'Wuttipong   Sawisit', 'USER', '/final_project/images/profile_155.jpg', '553120410155'),
(028, 'admin', '123', 'Admin   Admin', 'ADMIN', '/final_project/images/profile_160.png', '553120410160'),
(029, 'user', '123', 'User   User', 'USER', '/final_project/images/profile_165.png', '553120410165');

-- --------------------------------------------------------

--
-- Table structure for table `month_name`
--

CREATE TABLE IF NOT EXISTS `month_name` (
  `number_month` varchar(3) NOT NULL,
  `name_month` varchar(15) NOT NULL
) ENGINE=InnoDB DEFAULT CHARSET=utf8;

--
-- Dumping data for table `month_name`
--

INSERT INTO `month_name` (`number_month`, `name_month`) VALUES
('01', 'January'),
('02', 'February'),
('03', 'March'),
('04', 'April'),
('05', 'May'),
('06', 'June'),
('07', 'July'),
('08', 'August'),
('09', 'September'),
('10', 'October'),
('11', 'November'),
('12', 'December');

-- --------------------------------------------------------

--
-- Table structure for table `report`
--

CREATE TABLE IF NOT EXISTS `report` (
  `inn` varchar(10) NOT NULL,
  `late` varchar(10) NOT NULL,
  `miss` varchar(10) NOT NULL,
  `date` varchar(12) NOT NULL,
  `id` varchar(15) NOT NULL,
  `num` int(5) NOT NULL
) ENGINE=InnoDB AUTO_INCREMENT=1168 DEFAULT CHARSET=utf8;

--
-- Dumping data for table `report`
--

INSERT INTO `report` (`inn`, `late`, `miss`, `date`, `id`, `num`) VALUES
('1', '-', '-', '2016-07-14', '553120410102', 969),
('-', '1', '-', '2016-07-14', '553120410103', 970),
('-', '1', '-', '2016-07-14', '553120410104', 971),
('1', '-', '-', '2016-07-14', '553120410105', 972),
('-', '1', '-', '2016-07-14', '553120410107', 973),
('-', '1', '-', '2016-07-14', '553120410109', 974),
('-', '-', '1', '2016-07-14', '553120410110', 975),
('-', '1', '-', '2016-07-14', '553120410111', 976),
('-', '1', '-', '2016-07-14', '553120410112', 977),
('-', '-', '1', '2016-07-14', '553120410113', 978),
('-', '-', '1', '2016-07-14', '553120410117', 979),
('-', '-', '1', '2016-07-14', '553120410118', 980),
('-', '-', '1', '2016-07-14', '553120410122', 981),
('-', '-', '1', '2016-07-14', '553120410125', 982),
('-', '-', '1', '2016-07-14', '553120410131', 983),
('-', '-', '1', '2016-07-14', '553120410135', 984),
('1', '-', '-', '2016-07-14', '553120410138', 985),
('-', '-', '1', '2016-07-14', '553120410140', 986),
('1', '-', '-', '2016-07-14', '553120410144', 987),
('-', '1', '-', '2016-07-14', '553120410147', 988),
('-', '-', '1', '2016-07-14', '553120410149', 989),
('-', '-', '1', '2016-07-14', '553120410150', 990),
('1', '-', '-', '2016-07-14', '553120410151', 991),
('-', '-', '1', '2016-07-14', '553120410152', 992),
('-', '-', '1', '2016-07-14', '553120410155', 993),
('1', '-', '-', '2016-07-15', '553120410102', 1000),
('-', '1', '-', '2016-07-15', '553120410103', 1001),
('-', '1', '-', '2016-07-15', '553120410104', 1002),
('1', '-', '-', '2016-07-15', '553120410105', 1003),
('-', '1', '-', '2016-07-15', '553120410107', 1004),
('-', '1', '-', '2016-07-15', '553120410109', 1005),
('-', '-', '1', '2016-07-15', '553120410110', 1006),
('-', '1', '-', '2016-07-15', '553120410111', 1007),
('-', '1', '-', '2016-07-15', '553120410112', 1008),
('-', '-', '1', '2016-07-15', '553120410113', 1009),
('-', '-', '1', '2016-07-15', '553120410117', 1010),
('-', '-', '1', '2016-07-15', '553120410118', 1011),
('-', '-', '1', '2016-07-15', '553120410122', 1012),
('-', '-', '1', '2016-07-15', '553120410125', 1013),
('-', '-', '1', '2016-07-15', '553120410131', 1014),
('-', '-', '1', '2016-07-15', '553120410135', 1015),
('1', '-', '-', '2016-07-15', '553120410138', 1016),
('-', '-', '1', '2016-07-15', '553120410140', 1017),
('1', '-', '-', '2016-07-15', '553120410144', 1018),
('-', '1', '-', '2016-07-15', '553120410147', 1019),
('-', '-', '1', '2016-07-15', '553120410149', 1020),
('-', '-', '1', '2016-07-15', '553120410150', 1021),
('1', '-', '-', '2016-07-15', '553120410151', 1022),
('-', '-', '1', '2016-07-15', '553120410152', 1023),
('-', '-', '1', '2016-07-15', '553120410155', 1024),
('1', '-', '-', '2016-07-16', '553120410102', 1025),
('-', '1', '-', '2016-07-16', '553120410103', 1026),
('-', '1', '-', '2016-07-16', '553120410104', 1027),
('1', '-', '-', '2016-07-16', '553120410105', 1028),
('-', '-', '1', '2016-07-16', '553120410107', 1029),
('-', '1', '-', '2016-07-16', '553120410109', 1030),
('-', '-', '1', '2016-07-16', '553120410110', 1031),
('-', '1', '-', '2016-07-16', '553120410111', 1032),
('-', '1', '-', '2016-07-16', '553120410112', 1033),
('-', '-', '1', '2016-07-16', '553120410113', 1034),
('-', '-', '1', '2016-07-16', '553120410117', 1035),
('-', '-', '1', '2016-07-16', '553120410118', 1036),
('-', '-', '1', '2016-07-16', '553120410122', 1037),
('-', '-', '1', '2016-07-16', '553120410125', 1038),
('-', '-', '1', '2016-07-16', '553120410131', 1039),
('-', '-', '1', '2016-07-16', '553120410135', 1040),
('1', '-', '-', '2016-07-16', '553120410138', 1041),
('-', '-', '1', '2016-07-16', '553120410140', 1042),
('1', '-', '-', '2016-07-16', '553120410144', 1043),
('-', '1', '-', '2016-07-16', '553120410147', 1044),
('-', '-', '1', '2016-07-16', '553120410149', 1045),
('-', '-', '1', '2016-07-16', '553120410150', 1046),
('1', '-', '-', '2016-07-16', '553120410151', 1047),
('-', '-', '1', '2016-07-16', '553120410152', 1048),
('-', '-', '1', '2016-07-16', '553120410155', 1049),
('1', '-', '-', '2016-07-18', '553120410102', 1087),
('-', '1', '-', '2016-07-18', '553120410103', 1088),
('-', '1', '-', '2016-07-18', '553120410104', 1089),
('1', '-', '-', '2016-07-18', '553120410105', 1090),
('-', '-', '1', '2016-07-18', '553120410107', 1091),
('-', '-', '1', '2016-07-18', '553120410109', 1092),
('-', '-', '1', '2016-07-18', '553120410110', 1093),
('-', '-', '1', '2016-07-18', '553120410111', 1094),
('-', '1', '-', '2016-07-18', '553120410112', 1095),
('-', '-', '1', '2016-07-18', '553120410113', 1096),
('-', '-', '1', '2016-07-18', '553120410117', 1097),
('-', '-', '1', '2016-07-18', '553120410118', 1098),
('-', '-', '1', '2016-07-18', '553120410122', 1099),
('-', '-', '1', '2016-07-18', '553120410125', 1100),
('-', '-', '1', '2016-07-18', '553120410131', 1101),
('-', '-', '1', '2016-07-18', '553120410135', 1102),
('1', '-', '-', '2016-07-18', '553120410138', 1103),
('-', '-', '1', '2016-07-18', '553120410140', 1104),
('1', '-', '-', '2016-07-18', '553120410144', 1105),
('-', '-', '1', '2016-07-18', '553120410147', 1106),
('-', '-', '1', '2016-07-18', '553120410149', 1107),
('-', '-', '1', '2016-07-18', '553120410150', 1108),
('1', '-', '-', '2016-07-18', '553120410151', 1109),
('-', '-', '1', '2016-07-18', '553120410152', 1110),
('-', '-', '1', '2016-07-18', '553120410155', 1111),
('1', '-', '-', '2016-07-21', '553120410102', 1118),
('-', '1', '-', '2016-07-21', '553120410103', 1119),
('-', '1', '-', '2016-07-21', '553120410104', 1120),
('1', '-', '-', '2016-07-21', '553120410105', 1121),
('-', '-', '1', '2016-07-21', '553120410107', 1122),
('-', '-', '1', '2016-07-21', '553120410109', 1123),
('-', '-', '1', '2016-07-21', '553120410110', 1124),
('-', '-', '1', '2016-07-21', '553120410111', 1125),
('-', '1', '-', '2016-07-21', '553120410112', 1126),
('-', '-', '1', '2016-07-21', '553120410113', 1127),
('-', '-', '1', '2016-07-21', '553120410117', 1128),
('-', '-', '1', '2016-07-21', '553120410118', 1129),
('-', '-', '1', '2016-07-21', '553120410122', 1130),
('-', '-', '1', '2016-07-21', '553120410125', 1131),
('-', '-', '1', '2016-07-21', '553120410131', 1132),
('-', '-', '1', '2016-07-21', '553120410135', 1133),
('1', '-', '-', '2016-07-21', '553120410138', 1134),
('-', '-', '1', '2016-07-21', '553120410140', 1135),
('1', '-', '-', '2016-07-21', '553120410144', 1136),
('-', '-', '1', '2016-07-21', '553120410147', 1137),
('-', '-', '1', '2016-07-21', '553120410149', 1138),
('-', '-', '1', '2016-07-21', '553120410150', 1139),
('1', '-', '-', '2016-07-21', '553120410151', 1140),
('-', '-', '1', '2016-07-21', '553120410152', 1141),
('-', '-', '1', '2016-07-21', '553120410155', 1142),
('1', '-', '-', '2016-07-25', '553120410102', 1143),
('-', '1', '-', '2016-07-25', '553120410103', 1144),
('-', '1', '-', '2016-07-25', '553120410104', 1145),
('-', '1', '-', '2016-07-25', '553120410105', 1146),
('-', '-', '1', '2016-07-25', '553120410107', 1147),
('-', '1', '-', '2016-07-25', '553120410109', 1148),
('-', '-', '1', '2016-07-25', '553120410110', 1149),
('-', '1', '-', '2016-07-25', '553120410111', 1150),
('-', '1', '-', '2016-07-25', '553120410112', 1151),
('-', '-', '1', '2016-07-25', '553120410113', 1152),
('-', '-', '1', '2016-07-25', '553120410117', 1153),
('-', '-', '1', '2016-07-25', '553120410118', 1154),
('-', '-', '1', '2016-07-25', '553120410122', 1155),
('-', '-', '1', '2016-07-25', '553120410125', 1156),
('-', '-', '1', '2016-07-25', '553120410131', 1157),
('-', '-', '1', '2016-07-25', '553120410135', 1158),
('-', '1', '-', '2016-07-25', '553120410138', 1159),
('-', '-', '1', '2016-07-25', '553120410140', 1160),
('-', '1', '-', '2016-07-25', '553120410144', 1161),
('-', '1', '-', '2016-07-25', '553120410147', 1162),
('-', '-', '1', '2016-07-25', '553120410149', 1163),
('-', '-', '1', '2016-07-25', '553120410150', 1164),
('-', '1', '-', '2016-07-25', '553120410151', 1165),
('-', '-', '1', '2016-07-25', '553120410152', 1166),
('-', '-', '1', '2016-07-25', '553120410155', 1167);

-- --------------------------------------------------------

--
-- Table structure for table `sum_time`
--

CREATE TABLE IF NOT EXISTS `sum_time` (
  `id` varchar(12) NOT NULL,
  `time_all` varchar(12) NOT NULL,
  `date` varchar(12) NOT NULL,
  `num` int(5) NOT NULL,
  `time_am` varchar(12) NOT NULL,
  `time_pm` varchar(12) NOT NULL
) ENGINE=InnoDB AUTO_INCREMENT=95 DEFAULT CHARSET=utf8;

--
-- Dumping data for table `sum_time`
--

INSERT INTO `sum_time` (`id`, `time_all`, `date`, `num`, `time_am`, `time_pm`) VALUES
('553120410144', '0:19:45', '2016-07-14', 48, '', ''),
('553120410103', '0:19:43', '2016-07-14', 49, '', ''),
('553120410102', '0:19:49', '2016-07-14', 50, '', ''),
('553120410104', '0:19:35', '2016-07-14', 51, '', ''),
('553120410105', '0:24:14', '2016-07-14', 52, '', ''),
('553120410138', '0:24:21', '2016-07-14', 53, '', ''),
('553120410112', '0:18:51', '2016-07-14', 54, '', ''),
('553120410147', '0:18:18', '2016-07-14', 55, '', ''),
('553120410111', '0:18:45', '2016-07-14', 56, '', ''),
('553120410109', '0:11:19', '2016-07-14', 57, '', ''),
('553120410147', '0:36:7', '2016-07-15', 58, '', ''),
('553120410112', '0:36:42', '2016-07-15', 59, '', ''),
('553120410105', '0:59:55', '2016-07-15', 60, '', ''),
('553120410138', '1:0:2', '2016-07-15', 61, '', ''),
('553120410144', '0:58:48', '2016-07-15', 62, '', ''),
('553120410102', '0:58:51', '2016-07-15', 63, '', ''),
('553120410103', '0:58:50', '2016-07-15', 64, '', ''),
('553120410104', '0:58:52', '2016-07-15', 65, '', ''),
('553120410109', '0:49:50', '2016-07-15', 66, '', ''),
('553120410111', '0:51:46', '2016-07-15', 67, '', ''),
('553120410138', '0:32:2', '2016-07-16', 68, '', ''),
('553120410105', '0:32:2', '2016-07-16', 69, '', ''),
('553120410102', '0:33:30', '2016-07-16', 70, '', ''),
('553120410144', '0:42:30', '2016-07-16', 71, '', ''),
('553120410103', '0:42:53', '2016-07-16', 72, '', ''),
('553120410104', '0:42:55', '2016-07-16', 73, '', ''),
('553120410112', '0:21:12', '2016-07-16', 74, '', ''),
('553120410109', '0:20:32', '2016-07-16', 75, '', ''),
('553120410147', '0:20:51', '2016-07-16', 76, '', ''),
('553120410111', '0:20:59', '2016-07-16', 77, '', ''),
('553120410138', '0:9:53', '2016-07-18', 78, '', ''),
('553120410105', '0:10:6', '2016-07-18', 79, '', ''),
('553120410144', '0:4:45', '2016-07-21', 80, '', ''),
('553120410151', '0:14:45', '2016-07-21', 81, '', ''),
('553120410105', '0:5:58', '2016-07-21', 82, '', ''),
('553120410138', '0:5:57', '2016-07-21', 83, '', ''),
('553120410102', '0:15:37', '2016-07-25', 84, '0:4:14', '0:11:23'),
('553120410138', '0:19:51', '2016-07-25', 85, '0:10:51', '0:9:0'),
('553120410105', '0:24:32', '2016-07-25', 86, '0:15:9', '0:9:23'),
('553120410144', '1:10:55', '2016-07-25', 87, '0:59:40', '0:11:15'),
('553120410103', '1:10:49', '2016-07-25', 88, '0:57:54', '0:12:55'),
('553120410104', '1:10:9', '2016-07-25', 89, '0:57:24', '0:12:45'),
('553120410112', '1:10:10', '2016-07-25', 90, '0:57:20', '0:12:50'),
('553120410109', '1:9:35', '2016-07-25', 91, '0:57:19', '0:12:16'),
('553120410147', '1:10:29', '2016-07-25', 92, '0:57:20', '0:13:9'),
('553120410111', '1:10:4', '2016-07-25', 93, '0:57:26', '0:12:38'),
('553120410151', '1:9:43', '2016-07-25', 94, '0:56:29', '0:13:14');

-- --------------------------------------------------------

--
-- Table structure for table `user`
--

CREATE TABLE IF NOT EXISTS `user` (
  `id` varchar(12) NOT NULL,
  `name` varchar(35) NOT NULL
) ENGINE=InnoDB DEFAULT CHARSET=utf8;

--
-- Dumping data for table `user`
--

INSERT INTO `user` (`id`, `name`) VALUES
('553120410102', 'darawan srimontri'),
('553120410103', 'narumon nongsoong'),
('553120410104', 'benjamas choopun'),
('553120410105', 'patcharee madtapato'),
('553120410107', 'ratri seesarakham'),
('553120410109', 'lalita parpon'),
('553120410110', 'waranya choaree'),
('553120410111', 'wilaiporn khanwisit'),
('553120410112', 'sureera poonprasit'),
('553120410113', 'aphinun bhirhom'),
('553120410117', 'potekarapon kheckonrit'),
('553120410118', 'jakkapong joompolnoy'),
('553120410122', 'chitsanupong bubparate'),
('553120410125', 'datchat boonyen'),
('553120410131', 'thiraphat sasim'),
('553120410135', 'nantawat thipsang'),
('553120410138', 'pongthorn sasanam'),
('553120410140', 'permpong phimphakdee'),
('553120410144', 'wittawat boupa'),
('553120410147', 'samorn rattanapai'),
('553120410149', 'sittisuk taitam'),
('553120410150', 'atiwat suekua'),
('553120410151', 'aphichai paprathang'),
('553120410152', 'narabodee poochamni'),
('553120410155', 'wuttipong sawisit');

--
-- Indexes for dumped tables
--

--
-- Indexes for table `check_time`
--
ALTER TABLE `check_time`
  ADD PRIMARY KEY (`day`);

--
-- Indexes for table `data`
--
ALTER TABLE `data`
  ADD PRIMARY KEY (`number`);

--
-- Indexes for table `member`
--
ALTER TABLE `member`
  ADD PRIMARY KEY (`UserID`),
  ADD UNIQUE KEY `Username` (`Username`);

--
-- Indexes for table `month_name`
--
ALTER TABLE `month_name`
  ADD PRIMARY KEY (`number_month`);

--
-- Indexes for table `report`
--
ALTER TABLE `report`
  ADD PRIMARY KEY (`num`);

--
-- Indexes for table `sum_time`
--
ALTER TABLE `sum_time`
  ADD PRIMARY KEY (`num`);

--
-- Indexes for table `user`
--
ALTER TABLE `user`
  ADD PRIMARY KEY (`id`);

--
-- AUTO_INCREMENT for dumped tables
--

--
-- AUTO_INCREMENT for table `data`
--
ALTER TABLE `data`
  MODIFY `number` int(5) NOT NULL AUTO_INCREMENT,AUTO_INCREMENT=132;
--
-- AUTO_INCREMENT for table `member`
--
ALTER TABLE `member`
  MODIFY `UserID` int(3) unsigned zerofill NOT NULL AUTO_INCREMENT,AUTO_INCREMENT=30;
--
-- AUTO_INCREMENT for table `report`
--
ALTER TABLE `report`
  MODIFY `num` int(5) NOT NULL AUTO_INCREMENT,AUTO_INCREMENT=1168;
--
-- AUTO_INCREMENT for table `sum_time`
--
ALTER TABLE `sum_time`
  MODIFY `num` int(5) NOT NULL AUTO_INCREMENT,AUTO_INCREMENT=95;
/*!40101 SET CHARACTER_SET_CLIENT=@OLD_CHARACTER_SET_CLIENT */;
/*!40101 SET CHARACTER_SET_RESULTS=@OLD_CHARACTER_SET_RESULTS */;
/*!40101 SET COLLATION_CONNECTION=@OLD_COLLATION_CONNECTION */;
